马洪明,人物
孙宝清,人物
欧阳铭,人物
刘升明,人物
王大礼,人物
周玉民,人物
吕嘉春,人物
郑劲平,人物
莫红缨,人物
柯昌文,人物
陈如冲,人物
罗炜,人物
姚卫民,人物
沈雅婧,人物
吴晓鑫,人物
沈吉友,人物
李艳华,人物
高海女,人物
杨仕贵,人物
刘大庆,人物
何建华,人物
张文宏,人物
李文亮,人物
李兰娟,人物
张定宇,人物
钟南山,人物
徐水宝,人物
曾文聪,人物
杨思宇,人物
翁珊珊,人物
陈晨,人物
苏莱曼·巴马丁,人物
宋英杰,人物
胡锋,人物
于正洲,人物
梁医生,人物
毛样洪,人物
吴柳,人物
张洁,人物
孙琳,人物
樊琴,人物
崔鹏,人物
许涛,人物
张颖,人物
王森,人物
孙峰,人物
雷建平,人物
吴雪琼,人物
高福,人物
章良志,人物
陈在华,人物
程建阳,人物
崔嵬,人物
黄汉明,人物
姜娜,人物
蒋金波,人物
李弦,人物
梁武东,人物
马承武,人物
孙训祥,人物
尹祖川,人物
张辉,人物
张新忠,人物
郑少华,人物
张继先,人物
范存愈,人物
王一惠,人物
吕隽,人物
刘旭,人物
王星翘,人物
孙震,人物
鲁翔,人物
吴红辉,人物
谢宏超,人物
吴雷,人物
黄英姿,人物
蒋银珠,人物
魏瑜,人物
史志雪,人物
高娟,人物
徐婷婷,人物
王任重,人物
齐栩,人物
刘云,人物
吴超,人物
吴军伟,人物
吴燕洁,人物
张为华,人物
罗月英,人物
李世龙,人物
谭锦柯,人物
陈旭,人物
吴峥明,人物
郝铁蛋,人物
卫晶,人物
李硕,人物
徐英辉,人物
付雪莹,人物
曹赛,人物
杨辉莉,人物
庄燕娟,人物
姜斐,人物
吴玲玲,人物
黎毅敏,人物
余裕恒,人物
吴思敏,人物
温德良,人物
蒋凌志,人物
陈维校,人物
黎江,人物
王玉丽,人物
高元妹,人物
毕赐成,人物
段业英,人物
方向明,人物
李德富,人物
何欢,人物
冯国勇,人物
韦伊尔,人物
黄汝梁,人物
王镜成,人物
李仕成,人物
汤灵玲,人物
朱梦飞,人物
张园园,人物
刘元春,人物
张峰,人物
邵凌云,人物
张继明,人物
尹有宽,人物
施光峰,人物
秦艳丽,人物
陈明泉,人物
朱利平,人物
徐肇玥,人物
蒋卫明,人物
翁心华,人物
卢洪洲,人物
卢清,人物
李宁,人物
黄玉仙,人物
章婉琴,人物
陈澍,人物
金嘉琳,人物
张舒,人物
吴吉芹,人物
黄翀,人物
郑建铭,人物
周海兰,人物
张建生,人物
李霞,人物
柏涛,人物
凌瑞杰,人物
余贻汉,人物
尹琴,人物
肖显俊,人物
张静,人物
杨洁,人物
何聪,人物
梅丽,人物
谢姣,人物
李松明,人物
李凤琴,人物
徐辉,人物
黄和艳,人物
钟淑卿,人物
何梦章,人物
朱彤,人物
朱礼星,人物
冉丕鑫,人物
王小平,人物
严人,人物
江慧勇,人物
张伯礼,人物
徐建国,人物
杜维波,人物
肖永红,人物
马伟杭,人物
张建中,人物
张俊华,人物
石鼎,人物
陈蓉,人物
阮连国,人物
张立新,人物
万利霞,人物
刘婷,人物
刘建忠,人物
刘薇,人物
罗燕和,人物
余晓丽,人物
刘莉,人物
王先广,人物
赖克方,人物
刘春丽，,人物
李德容,人物
马恩岛,人物
曹鑫,人物
曹正,人物
陈稷,人物
程勇,人物
邓俊,人物
邓璐,人物
邓爽,人物
东坡,人物
杜珊,人物
杜宇,人物
二月,人物
费凌,人物
葛飞,人物
顾丹,人物
郭佳,人物
郭媛,人物
何军,人物
何琳,人物
何蕊,人物
贺茜,人物
洪涛,人物
胡蓉,人物
华为,人物
黄敏,人物
黄元,人物
贾勇,人物
蒋伟,人物
黎丹,人物
黎明,人物
李丹,人物
李江,人物
李敏,人物
李媛,人物
李治,人物
立春,人物
廖斌,人物
刘聪,人物
刘学,人物
刘娅,人物
刘毅,人物
刘英,人物
刘勇,人物
刘忠,人物
罗慧,人物
罗琴,人物
罗婷,人物
孟晖,人物
明德,人物
彭立,人物
彭雪,人物
秦宣,人物
赛尔,人物
佘沙,人物
谭锐,人物
唐茜,人物
王杰,人物
王敏,人物
王睿,人物
王涛,人物
魏欢,人物
吴鹰,人物
吴悠,人物
伍强,人物
小平,人物
小琴,人物
谢毅,人物
熊健,人物
徐林,人物
徐陶,人物
阳光,人物
杨昊,人物
杨进,人物
杨宁,人物
叶盈,人物
易群,人物
尹力,人物
尹鹏,人物
余冰,人物
喻敏,人物
张佳,人物
张晶,人物
张老,人物
张林,人物
张琦,人物
张韬,人物
张伟,人物
张艳,人物
张喆,人物
赵菊,人物
赵越,人物
郑丽,人物
钟馨,人物
周波,人物
周鹏,人物
庄越,人物
艾四林,人物
敖永才,人物
边慧敏,人物
蔡雪梅,人物
曹红梅,人物
曾晓春,人物
陈国志,人物
陈金凤,人物
陈晓丽,人物
陈玉兰,人物
陈跃辉,人物
德馨苑,人物
丁格尔,人物
丁雪峰,人物
杜光霞,人物
杜俊波,人物
樊均明,人物
冯春燕,人物
付志刚,人物
傅元谋,人物
龚荣高,人物
辜英智,人物
何建新,人物
何江明,人物
何雪梅,人物
贺盛瑜,人物
胡剑锋,人物
华罗庚,人物
姜建国,人物
姜明军,人物
蒋立刚,人物
李传林,人物
李海艳,人物
李佳怡,人物
李利霞,人物
李汝顶,人物
李树勇,人物
李双双,人物
李为民,人物
李晓娟,人物
李晓林,人物
李晓铃,人物
李秀锋,人物
李言荣,人物
李玉娟,人物
李忠民,人物
刘春辉,人物
刘存绪,人物
刘国明,人物
刘建明,人物
刘树根,人物
刘小兵,人物
刘孝元,人物
刘兴星,人物
刘永芳,人物
刘长江,人物
刘志刚,人物
刘志伟,人物
刘志勇,人物
罗凤鸣,人物
罗仕伟,人物
麦可思,人物
毛洪涛,人物
潘永建,人物
彭正松,人物
漆雁斌,人物
丘吉尔,人物
任万军,人物
任学锋,人物
石春霞,人物
唐健禾,人物
唐文君,人物
庹先国,人物
王安平,人物
王炳林,人物
王东平,人物
王海滨,人物
王洪辉,人物
王会杰,人物
王建国,人物
王建华,人物
王清远,人物
王世伦,人物
王先俊,人物
王小丁,人物
王小兰,人物
王小林,人物
王秀华,人物
王元珑,人物
王振华,人物
王政书,人物
王忠平,人物
吴丽娟,人物
五星村,人物
肖立军,人物
肖争鸣,人物
谢桂兰,人物
徐志强,人物
许志军,人物
晏启鹏,人物
杨光明,人物
叶庆,人物
尹大家,人物
余敏明,人物
余孝其,人物
余治平,人物
张春梅,人物
张俊贤,人物
张来山,人物
张小南,人物
张学勤,人物
张应辉,人物
张之文,人物
赵丽娜,人物
赵齐阳,人物
赵小丽,人物
赵燕妮,人物
赵阳阳,人物
郑思琳,人物
周激流,人物
周怡君,人物
庄天慧,人物
左仁淑,人物
马尔克斯,人物
南丁格尔,人物
岑溪市,人物
仁怀市,人物
尚志市,人物
穆棱市,人物
田波,人物
刘春丽,人物
梁万年,人物
习近平,人物
李克强,人物
孙春兰,人物
周勇,人物
敬代和,人物
