绍兴,城市
上海,城市
杭州,城市
温州瑞安,城市
上海和安徽,城市
辽宁锦州,城市
中国,国家
墨西哥,城市
加利福尼亚州,城市
德克萨斯州,城市
安徽,城市
西非,城市
塞拉利昂,城市
埃博拉,城市
山西应县,城市
南京,城市
广东省,城市
湖北武汉,城市
湖北省黄石市,城市
武汉,城市
深圳,城市
湖北省孝感市,城市
广东,城市
湖北省荆门市,城市
湖北荆州,城市
广州市八医院,城市
江苏宜兴,城市
广州,城市
北京,城市
阿尔巴尼亚,国家
阿尔及利亚,国家
阿富汗,国家
阿根廷,国家
阿联酋,国家
阿鲁巴,国家
阿曼,国家
阿塞拜疆,国家
埃及,国家
埃塞俄比亚,国家
爱尔兰,国家
爱沙尼亚,国家
安道尔,国家
安哥拉,国家
安提瓜和巴布达,国家
奥地利,国家
澳大利亚,国家
澳门,特区
巴巴多斯,国家
巴布亚新几内亚,国家
巴哈马,国家
巴基斯坦,国家
巴拉圭,国家
巴勒斯坦,国家
巴林,国家
巴拿马,国家
巴西,国家
白俄罗斯,国家
百慕大,国家
保加利亚,国家
贝宁,国家
比利时,国家
冰岛,国家
波多黎各,国家
波黑,国家
波兰,国家
玻利维亚,国家
伯利兹,国家
不丹,国家
布基纳法索,国家
赤道几内亚,国家
丹麦,国家
德国,国家
东帝汶,国家
多哥,国家
多米尼加,国家
俄罗斯,国家
厄瓜多尔,国家
厄立特里亚,国家
法国,国家
法罗群岛,国家
法属波利尼西亚,国家
法属圭亚那,国家
法属圣马丁,海外行政区
梵蒂冈,国家
菲律宾,国家
斐济,国家
芬兰,国家
佛得角,国家
福建,省
甘肃,省
冈比亚,国家
刚果（布）,国家
刚果（金）,国家
哥伦比亚,国家
哥斯达黎加,国家
格林纳达,国家
格陵兰岛,国家
格鲁吉亚,国家
根西岛,皇家属地
古巴,国家
关岛,国家
广西,省
圭亚那,国家
贵州,省
哈萨克斯坦,国家
海地,国家
海南,省
韩国,国家
河北,省
河南,省
荷兰,国家
荷属圣马丁,国家
黑龙江,省
黑山,国家
洪都拉斯,国家
湖北,省
湖南,省
吉布提,国家
吉尔吉斯斯坦,国家
吉林,省
几内亚,国家
加拿大,国家
加纳,国家
加蓬,国家
柬埔寨,国家
江苏,省
江西,省
捷克,国家
津巴布韦,国家
喀麦隆,国家
卡塔尔,国家
科特迪瓦,国家
科威特,国家
克罗地亚,国家
肯尼亚,国家
库拉索,国家
拉脱维亚,国家
老挝,国家
黎巴嫩,国家
立陶宛,国家
利比里亚,国家
辽宁,省
列支敦士登,国家
留尼旺,国家
卢森堡,国家
卢旺达,国家
罗马尼亚,国家
马达加斯加,国家
马尔代夫,国家
马耳他,国家
马来西亚,国家
马提尼克岛,国家
马约特,国家
毛里求斯,国家
毛里塔尼亚,国家
美国,国家
美属维尔京群岛,国家
蒙古,国家
蒙特塞拉特,国家
孟加拉国,国家
秘鲁,国家
缅甸,国家
摩尔多瓦,国家
摩洛哥,国家
摩纳哥,国家
莫桑比克,国家
纳米比亚,国家
南非,国家
内蒙古,国家
尼泊尔,国家
尼加拉瓜,国家
尼日尔,国家
尼日利亚,国家
宁夏,自治区
挪威,国家
葡萄牙,国家
青海,省
日本,国家
瑞典,国家
瑞士,国家
萨尔瓦多,国家
塞尔维亚,国家
塞内加尔,国家
塞舌尔,国家
沙特阿拉伯,国家
山东,省
山西,省
陕西,省
圣巴托洛缪岛,国家
圣卢西亚,国家
圣马力诺,国家
圣文森特和格林纳丁斯,国家
斯里兰卡,国家
斯洛伐克,国家
斯洛文尼亚,国家
斯威士兰,国家
四川,省
苏丹,国家
苏里南,国家
索马里,国家
台湾,省
泰国,国家
坦桑尼亚,国家
特立尼达和多巴哥,国家
天津,直辖市
突尼斯,国家
土耳其,国家
危地马拉,国家
委内瑞拉,国家
文莱,国家
乌干达,国家
乌克兰,国家
乌拉圭,国家
乌兹别克斯坦,国家
西班牙,国家
西藏,自治区
希腊,国家
香港,特区
新加坡,国家
新疆,自治区
新喀里多尼亚,国家
新西兰,国家
匈牙利,国家
叙利亚,国家
牙买加,国家
亚美尼亚,国家
伊拉克,国家
伊朗,国家
以色列,国家
意大利,国家
印度,国家
印度尼西亚,国家
英国,国家
约旦,国家
越南,国家
云南,省
赞比亚,国家
泽西岛,国家
乍得,国家
浙江,省
直布罗陀,国家
智利,国家
重庆,直辖市
阿坝州,自治州
安顺市,地级市
安阳市,地级市
巴彦淖尔市,地级市
巴音郭楞州,自治州
巴中市,地级市
白银市,地级市
百色市,地级市
蚌埠市,地级市
保定市,地级市
保山市,地级市
毕节市,地级市
滨州市,地级市
亳州市,地级市
沧州市,地级市
昌吉州,自治州
常德市,地级市
常州市,地级市
郴州市,地级市
池州市,市
赤峰市,市
滁州市,市
楚雄州,自治州
大理州,自治州
丹东市,市
儋州市,市
德宏州,自治州
德阳市,市
东莞市,市
恩施州,自治州
防城港市,市
抚州市,市
阜新市,市
阜阳市,市
甘南州,自治州
甘孜州,自治州
固原市,市
贵港市,市
贵阳市,市
桂林市,市
哈尔滨市,市
海北州,自治州
海口市,市
邯郸市,市
汉中市,市
合肥市,市
河池市,市
河源市,市
鹤壁市,市
鹤岗市,市
衡水市,市
红河州,自治州
呼和浩特市,市
呼伦贝尔市,市
葫芦岛市,市
怀化市,市
淮南市,市
黄石市,市
鸡西市,市
济宁市,市
济源市,市
江门市,市
焦作市,地级市
揭阳市,市
金昌市,市
锦州市,市
晋城市,市
晋中市,市
荆门市,市
荆州市,市
拉萨市,市
廊坊市,市
丽水市,市
凉山州,自治州
聊城市,市
临沧市,市
临汾市,市
临夏州,自治州
临沂市,市
柳州市,市
六安市,市
六盘水市,市
娄底市,市
泸州市,市
漯河市,市
吕梁市,市
茂名市,市
南昌市,市
南充市,市
南京市,市
南宁市,市
内江市,市
宁波市,市
宁德市,市
宁东,自治州
攀枝花市,市
盘锦市,市
平顶山市,市
平凉市,市
萍乡市,市
莆田市,市
濮阳市,市
普洱市,地级市
七台河市,市
齐齐哈尔市,市
潜江市,市
黔东南州,自治州
黔南州,自治州
黔西南州,自治州
钦州市,市
庆阳市,市
衢州市,市
曲靖市,市
泉州市,市
日照市,市
三门峡市,市
三亚市,市
厦门市,市
汕头市,市
汕尾市,市
商洛市,市
韶关市,市
邵阳市,市
深圳市,市
沈阳市,市
十堰市,市
石家庄市,市
石嘴山市,市
双鸭山市,市
朔州市,市
四平市,市
松原市,市
苏州市,市
绥化市,市
随州市,市
遂宁市,市
台州市,市
太原市,市
泰安市,市
泰州市,市
天水市,市
铁岭市,市
通辽市,市
铜川市,市
铜仁市,市
万宁市,市
威海市,市
潍坊市,市
渭南市,市
文昌市,市
文山州,自治州
乌兰察布市,地级市
无锡市,市
芜湖市,市
梧州市,市
武汉市,市
西宁市,市
西双版纳州,自治州
仙桃市,市
湘西州,自治州
襄阳市,地级市、省域副中心城市
孝感市,市
忻州市,市
新乡市,市
新余市,市
宿迁市,市
徐州市,市
宣城市,市
雅安市,市
烟台市,市
延安市,市
延边州,自治州
盐城市,市
阳江市,市
阳泉市,市
伊春市,市
伊犁州,自治州
益阳市,市
银川市,市
鹰潭市,市
营口市,地级市
永州市,市
榆林市,市
玉林市,市
运城市,市
枣庄市,市
湛江市,市
张家界市,市
张家口市,市
漳州市,市
长沙市,市
长治市,市
昭通市,市
肇庆市,市
镇江市,市
郑州市,市
中山市,市
中卫市,市
舟山市,市
周口市,地级市
珠海市,市
株洲市,市
驻马店市,市
淄博市,市
自贡市,市
阿坝,自治州
巴中,地级市
北湖,地名
北森,地名
北苑,地名
川北,地名
川江,地名
达州,地级市
东苑,地点
广元,地级市
合江县,县
华西,地名
华阳,地名
华中,地区
锦江,地名
荆州,地级市
乐山,地级市
利州,地名
荔城,地名
凉山,自治州
龙泉,县级市
泸州,地级市
罗江,区
三河,地名
印尼,国家
贵州省,省
合井乡,乡
横滨港,港口
攀枝花,地级市
陕西街,地名
神农架,县
天津港,港口
乌蒙山,地名
西昌市,市
中华人民共和国,国家
福清市,市
漳平市,市
建瓯市,市
邵武市,市
福鼎市,市
永安市,市
南安市,市
龙海市,市
恩平市,市
台山市,市
普宁市,市
化州市,市
信宜市,市
兴宁市,市
连州市,市
英德市,市
乐昌市,市
南雄市,市
阳春市,市
罗定市,市
雷州市,市
四会市,市
靖西市,县级市
凭祥市,市
崇左市,市
东兴市,市
北流市,市
兰训乡,乡
南沙群岛,地名
西沙群岛,地名
三沙市,地级市
细水乡,乡
阜龙乡,乡
南开乡,乡
金波乡,乡
青松乡,乡
荣邦乡,乡
元门乡,乡
六弓乡,乡
毛感乡,乡
南林乡,乡
王下乡,乡
龙州乡,乡
江边乡,乡
天安乡,乡
罗带乡,乡
大里乡,乡
群英乡,乡
提蒙乡,乡
朝阳乡,乡
什运乡,乡
吊罗山乡,乡
上安乡,乡
水满乡,乡
毛道乡,乡
畅好乡,乡
清镇市,市
盘州市,县级市
兴义市,市
黔西南布依族苗族自治州,自治州
都匀市,市
黔南布依族苗族自治州,自治州
黔东南苗族侗族自治州,自治州
介休市,县级市
霍州市,市
汾阳市,市
古交市,市
原平市,县级市
河津市,市
永济市,市
甘南藏族自治州,自治州
嘉峪关市,市
酒泉市,市
临夏回族自治州,自治州
桐城市,市
天长市,县级市
界首市,市
宁国市,市
孟州市,市
沁阳市,市
邓州市,市
舞钢市,县级市
永城市,市
禹州市,市
长葛市,市
辉县市,市
卫辉市,县级市
登封市,市
巩义市,市
新密市,市
新郑市,市
荥阳市,市
项城市,市
定州市,市
涿州市,市
河间市,市
泊头市,县级市
任丘市,市
平泉市,市
霸州市,市
三河市,市
辛集市,市
新乐市,市
迁安市,市
遵化市,市
恩施市,市
利川市,市
恩施土家族苗族自治州,自治州
大冶市,市
麻城市,市
武穴市,市
石首市,市
松滋市,市
广水市,市
丹江口市,市
安陆市,市
汉川市,市
应城市,市
老河口市,市
枣阳市,市
当阳市,市
宜都市,市
枝江市,市
宋洛乡,乡
九湖乡,乡
下谷坪土家族乡,乡
净潭乡,乡
资兴市,市
耒阳市,市
冷水江市,市
涟源市,市
武冈市,市
吉首市,市
湘西土家族苗族自治州,自治州
湘乡市,市
醴陵市,市
临湘市,市
汨罗市,市
浏阳市,市
宁乡市,县级市
虎林市,市
密山市,市
富锦市,市
抚远市,县级市
同江市,市
东宁市,县级市
海林市,市
宁安市,市
讷河市,市
肇东市,市
铁力市,县级市
溧阳市,市
启东市,市
如皋市,市
常熟市,市
张家港市,市
靖江市,市
泰兴市,市
兴化市,市
宜兴市,市
邳州市,市
新沂市,市
句容市,市
扬中市,市
江苏省,省
瑞金市,市
贵溪市,市
江西省,省
大安市,市
桦甸市,市
双辽市,市
集安市,县级市
梅河口市,市
敦化市,市
和龙市,市
珲春市,市
龙井市,市
延吉市,市
延边朝鲜族自治州,自治州
德惠市,市
北票市,市
凌源市,市
抚顺市,市
北镇市,县级市
开原市,市
青铜峡市,市
灵武市,市
额尔古纳市,市
根河市,市
满洲里市,市
牙克石市,市
扎兰屯市,市
丰镇市,市
霍林郭勒市,县级市
二连浩特市,市
锡林浩特市,市
乌兰浩特市,市
乐陵市,市
禹城市,市
东营市,地级市
曲阜市,市
邹城市,市
临清市,市
胶州市,市
平度市,市
肥城市,市
新泰市,市
乳山市,市
荣成市,县级市
安丘市,市
高密市,县级市
寿光市,县级市
诸城市,市
莱阳市,市
莱州市,市
蓬莱市,市
招远市,县级市
滕州市,市
果洛藏族自治州,自治州
海北藏族自治州,自治州
格尔木市,市
海西蒙古族藏族自治州,自治州
海南藏族自治州,自治州
黄南藏族自治州,自治州
玉树藏族自治州,自治州
华阴市,市
兴平市,市
阿坝藏族羌族自治州,自治州
简阳市,市
彭州市,市
邛崃市,市
广汉市,市
什邡市,市
华蓥市,市
康定市,县级市
甘孜藏族自治州,自治州
凉山彝族自治州,自治州
江油市,市
昌都市,地级市
日喀则市,市
阜康市,市
昌吉回族自治州,自治州
巴音郭楞蒙古自治州,自治州
阿拉山口市,县级市
博乐市,市
博尔塔拉蒙古自治州,自治州
阿图什市,市
克孜勒苏柯尔克孜自治州,自治州
乌苏市,市
霍尔果斯市,县级市
奎屯市,市
伊宁市,市
伊犁哈萨克自治州,自治州
托喀依乡,乡
阿拉尔市,市
北屯市,县级市、省直辖县级行政单位
昆玉市,市
石河子市,市
五家渠市,市
楚雄彝族自治州,自治州
大理市,县级市
大理白族自治州,自治州
芒市,市
德宏傣族景颇族自治州,自治州
迪庆藏族自治州,自治州
个旧市,县级市
蒙自市,县级市，滇南中心城市
红河哈尼族彝族自治州,自治州
怒江傈僳族自治州,自治州
宣威市,市
文山壮族苗族自治州,自治州
景洪市,市
西双版纳傣族自治州,自治州
海宁市,市
平湖市,市
兰溪市,市
义乌市,市
永康市,市
慈溪市,市
余姚市,市
嵊州市,市
诸暨市,市
临海市,市
温岭市,市
乐清市,市
成都,地级市